uv,created
9,9/5/2020 6:34:04
9,9/5/2020 6:34:04
9,9/5/2020 6:34:04
9,9/5/2020 6:34:04
9,9/5/2020 6:34:04
9,9/5/2020 6:34:04
9,9/5/2020 6:34:04
9,9/5/2020 6:34:04
9,9/5/2020 6:34:04
9,9/5/2020 6:34:04
9,9/5/2020 6:34:04
9,9/5/2020 6:34:04
9,9/5/2020 6:34:04
9,9/5/2020 6:34:04
9,9/5/2020 6:34:04
4,9/5/2020 6:34:04
4,9/5/2020 6:34:04
4,9/5/2020 6:34:04
4,9/5/2020 6:34:04
4,9/5/2020 6:34:04
9,9/5/2020 6:34:04
9,9/5/2020 6:34:04
4,9/5/2020 6:34:04
4,9/5/2020 6:34:04
4,9/5/2020 6:34:04
4,9/5/2020 6:34:04
4,9/5/2020 6:34:04
9,9/5/2020 6:34:04
9,9/5/2020 6:34:04
4,9/5/2020 6:34:04
4,9/5/2020 6:34:04
4,9/5/2020 6:34:04
4,9/5/2020 6:34:04
4,9/5/2020 6:34:04
9,9/7/2020 6:34:04
9,9/7/2020 6:34:04
4,9/7/2020 6:34:04
4,9/7/2020 6:34:04
4,9/7/2020 6:34:04
4,9/7/2020 6:34:04
4,9/7/2020 7:34:04
4,9/5/2020 6:34:04
4,9/5/2020 6:34:04
4,9/5/2020 6:34:04
4,9/5/2020 6:34:04
4,9/5/2020 6:34:04
9,9/7/2020 6:34:04
9,9/7/2020 6:34:04
4,9/7/2020 6:34:04
4,9/7/2020 6:34:04
4,9/7/2020 6:34:04
4,9/7/2020 6:34:04
4,9/7/2020 7:34:04
4,9/5/2020 6:34:04
4,9/5/2020 6:34:04
4,9/5/2020 6:34:04
4,9/5/2020 6:34:04
4,9/5/2020 6:34:04
9,9/7/2020 6:34:04
9,9/7/2020 6:34:04
4,9/7/2020 6:34:04
4,9/7/2020 6:34:04
4,9/7/2020 6:34:04
4,9/7/2020 6:34:04
4,9/7/2020 7:34:04
4,9/5/2020 6:34:04
4,9/5/2020 6:34:04
4,9/5/2020 6:34:04
4,9/5/2020 6:34:04
4,9/5/2020 6:34:04
9,9/7/2020 6:34:04
9,9/7/2020 6:34:04
4,9/7/2020 6:34:04
4,9/7/2020 6:34:04
4,9/7/2020 6:34:04
4,9/7/2020 6:34:04
4,9/7/2020 7:34:04
4,9/5/2020 6:34:04
4,9/5/2020 6:34:04
4,9/5/2020 6:34:04
4,9/5/2020 6:34:04
4,9/5/2020 6:34:04
9,9/7/2020 6:34:04
9,9/7/2020 6:34:04
4,9/7/2020 6:34:04
4,9/9/2020 6:34:04
4,9/9/2020 6:34:04
4,9/9/2020 6:34:04
4,9/9/2020 7:34:04
4,9/5/2020 6:34:04
4,9/5/2020 6:34:04
4,9/5/2020 6:34:04
4,9/5/2020 6:34:04
4,9/5/2020 6:34:04
9,9/7/2020 6:34:04
9,9/7/2020 6:34:04
4,9/7/2020 6:34:04
4,9/7/2020 6:34:04
4,9/7/2020 6:34:04
4,9/7/2020 6:34:04
4,9/7/2020 7:34:04
4,9/5/2020 6:34:04
4,9/5/2020 6:34:04
4,9/5/2020 6:34:04
4,9/5/2020 6:34:04
9,9/7/2020 6:34:04
9,9/7/2020 6:34:04
4,9/7/2020 6:34:04
4,9/7/2020 6:34:04
6,9/7/2020 6:34:04
6,9/7/2020 6:34:04
6,9/7/2020 7:34:04
6,9/5/2020 6:34:04
6,9/5/2020 6:34:04
4,9/5/2020 6:34:04
4,9/5/2020 6:34:04
9,9/7/2020 6:34:04
10,9/10/2020 6:34:04
10,9/10/2020 6:34:04
10,9/10/2020 6:34:04
10,9/10/2020 6:34:04
10,9/10/2020 6:34:04
10,9/10/2020 7:34:04
4,9/5/2020 6:34:04
9,9/7/2020 6:34:04
10,9/10/2020 6:34:04
10,9/10/2020 6:34:04
10,9/10/2020 6:34:04
10,9/10/2020 6:34:04
10,9/10/2020 6:34:04
10,9/10/2020 7:34:04
4,9/5/2020 6:34:04
9,9/7/2020 6:34:04
10,9/10/2020 6:34:04
10,9/10/2020 6:34:04
10,9/10/2020 6:34:04
10,9/10/2020 6:34:04
10,9/10/2020 6:34:04
10,9/10/2020 7:34:04